"id";"sexo";"escala";"puntuacion_cruda";"puntuacion_t"
1;1;1;0;30
2;1;1;1;34
3;1;1;2;38
4;1;1;3;42
5;1;1;4;45
6;1;1;5;49
7;1;1;6;53
8;1;1;7;57
9;1;1;8;61
10;1;1;9;65
11;1;1;10;68
12;1;1;11;72
13;1;1;12;76
14;1;1;13;80
15;1;1;14;84
16;1;1;15;88
17;1;2;0;33
18;1;2;1;36
19;1;2;2;39
20;1;2;3;42
21;1;2;4;45
22;1;2;5;48
23;1;2;6;51
24;1;2;7;54
25;1;2;8;57
26;1;2;9;60
27;1;2;10;63
28;1;2;11;66
29;1;2;12;69
30;1;2;13;71
31;1;2;14;74
32;1;2;15;77
33;1;2;16;80
34;1;2;17;83
35;1;2;18;86
36;1;2;19;89
37;1;2;20;92
38;1;2;21;95
39;1;2;22;98
40;1;2;23;101
41;1;2;24;104
42;1;2;25;107
43;1;2;26;110
44;1;2;27;113
45;1;2;28;116
46;1;2;29;119
47;1;2;30;121
48;1;2;31;124
49;1;2;32;127
50;1;2;33;130
51;1;2;34;133
52;1;2;35;136
53;1;2;36;139
54;1;2;37;142
55;1;2;38;145
56;1;2;39;148
57;1;2;40;151
58;1;2;41;154
59;1;2;42;157
60;1;2;43;160
61;1;2;44;163
62;1;2;45;166
63;1;2;46;169
64;1;2;47;171
65;1;2;48;174
66;1;2;49;177
67;1;2;50;180
68;1;2;51;183
69;1;2;52;186
70;1;2;53;189
71;1;2;54;192
72;1;2;55;195
73;1;2;56;198
74;1;2;57;201
75;1;2;58;204
76;1;2;59;207
77;1;2;60;210
78;1;3;7;30
79;1;3;8;32
80;1;3;9;34
81;1;3;10;36
82;1;3;11;39
83;1;3;12;41
84;1;3;13;43
85;1;3;14;45
86;1;3;15;48
87;1;3;16;50
88;1;3;17;52
89;1;3;18;55
90;1;3;19;57
91;1;3;20;59
92;1;3;21;61
93;1;3;22;64
94;1;3;23;66
95;1;3;24;68
96;1;3;25;70
97;1;3;26;73
98;1;3;27;75
99;1;3;28;77
100;1;3;29;80
101;1;3;30;82
102;1;4;7;31
103;1;4;8;34
104;1;4;9;37
105;1;4;10;39
106;1;4;11;42
107;1;4;12;44
108;1;4;13;47
109;1;4;14;50
110;1;4;15;52
111;1;4;16;55
112;1;4;17;58
113;1;4;18;60
114;1;4;19;63
115;1;4;20;66
116;1;4;21;68
117;1;4;22;71
118;1;4;23;73
119;1;4;24;76
120;1;4;25;79
121;1;4;26;81
122;1;4;27;84
123;1;4;28;87
124;1;4;29;89
125;1;4;30;92
126;1;4;31;94
127;1;4;32;97
128;1;5;11;31
129;1;5;12;33
130;1;5;13;35
131;1;5;14;37
132;1;5;15;39
133;1;5;16;41
134;1;5;17;43
135;1;5;18;46
136;1;5;19;48
137;1;5;20;50
138;1;5;21;52
139;1;5;22;54
140;1;5;23;56
141;1;5;24;58
142;1;5;25;60
143;1;5;26;63
144;1;5;27;65
145;1;5;28;67
146;1;5;29;69
147;1;5;30;71
148;1;5;31;73
149;1;5;32;75
150;1;5;33;77
151;1;5;34;80
152;1;5;35;82
153;1;5;36;84
154;1;5;37;86
155;1;5;38;88
156;1;5;39;90
157;1;5;40;92
158;1;5;41;94
159;1;5;42;97
160;1;5;43;99
161;1;5;44;101
162;1;5;45;103
163;1;5;46;105
164;1;5;47;107
165;1;5;48;109
166;1;5;49;111
167;1;5;50;114
168;1;5;51;116
169;1;5;52;118
170;1;5;53;120
171;1;5;54;122
172;1;5;55;124
173;1;5;56;126
174;1;5;57;129
175;1;6;12;31
176;1;6;13;33
177;1;6;14;36
178;1;6;15;38
179;1;6;16;40
180;1;6;17;42
181;1;6;18;44
182;1;6;19;46
183;1;6;20;48
184;1;6;21;50
185;1;6;22;52
186;1;6;23;54
187;1;6;24;56
188;1;6;25;58
189;1;6;26;60
190;1;6;27;62
191;1;6;28;64
192;1;6;29;66
193;1;6;30;68
194;1;6;31;70
195;1;6;32;72
196;1;6;33;74
197;1;6;34;76
198;1;6;35;78
199;1;6;36;80
200;1;6;37;82
201;1;6;38;84
202;1;6;39;88
203;1;6;40;89
204;1;6;41;91
205;1;6;42;93
206;1;6;43;95
207;1;6;44;97
208;1;6;45;99
209;1;6;46;101
210;1;6;47;103
211;1;6;48;105
212;1;6;49;107
213;1;6;50;109
214;1;6;51;111
215;1;6;52;113
216;1;6;53;115
217;1;6;54;117
218;1;6;55;119
219;1;6;56;121
220;1;6;57;123
221;1;6;58;125
222;1;6;59;127
223;1;6;60;129
224;1;7;15;30
225;1;7;16;33
226;1;7;17;35
227;1;7;18;37
228;1;7;19;40
229;1;7;20;42
230;1;7;21;44
231;1;7;22;47
232;1;7;23;49
233;1;7;24;51
234;1;7;25;54
235;1;7;26;56
236;1;7;27;58
237;1;7;28;61
238;1;7;29;63
239;1;7;30;65
240;1;7;31;68
241;1;7;32;70
242;1;7;33;72
243;1;7;34;75
244;1;7;35;77
245;1;7;36;79
246;1;7;37;82
247;1;7;38;84
248;1;7;39;86
249;1;7;40;89
250;1;7;41;91
251;1;7;42;93
252;1;7;43;96
253;1;7;44;98
254;1;7;45;100
255;1;7;46;103
256;1;7;47;105
257;1;7;48;107
258;1;7;49;110
259;1;7;50;112
260;1;8;16;30
261;1;8;17;33
262;1;8;18;35
263;1;8;19;38
264;1;8;20;40
265;1;8;21;42
266;1;8;22;45
267;1;8;23;47
268;1;8;24;50
269;1;8;25;52
270;1;8;26;55
271;1;8;27;57
272;1;8;28;60
273;1;8;29;62
274;1;8;30;64
275;1;8;31;67
276;1;8;32;69
277;1;8;33;72
278;1;8;34;74
279;1;8;35;77
280;1;8;36;79
281;1;8;37;81
282;1;8;38;84
283;1;8;39;86
284;1;8;40;89
285;1;8;41;91
286;1;8;42;94
287;1;8;43;96
288;1;8;44;99
289;1;8;45;101
290;1;8;46;103
291;1;8;47;106
292;1;8;48;108
293;1;8;49;111
294;1;8;50;113
295;1;8;51;116
296;1;8;52;118
297;1;8;53;120
298;1;8;54;123
299;1;8;55;125
300;1;8;56;128
301;1;9;4;33
302;1;9;5;36
303;1;9;6;39
304;1;9;7;43
305;1;9;8;46
306;1;9;9;49
307;1;9;10;53
308;1;9;11;56
309;1;9;12;59
310;1;9;13;63
311;1;9;14;66
312;1;9;15;69
313;1;9;16;73
314;1;9;17;76
315;1;9;18;79
316;1;9;19;83
317;1;9;20;86
318;1;9;21;89
319;1;9;22;93
320;1;9;23;96
321;1;9;24;99
322;1;9;25;103
323;1;9;26;106
324;1;9;27;109
325;1;9;28;113
326;1;9;29;116
327;1;9;30;119
328;1;9;31;123
329;1;9;32;126
330;1;9;33;129
331;1;9;34;133
332;1;9;35;136
333;1;9;36;139
334;1;9;37;143
335;1;9;38;146
336;1;9;39;149
337;1;9;40;153
338;1;10;18;30
339;1;10;19;32
340;1;10;20;34
341;1;10;21;36
342;1;10;22;38
343;1;10;23;40
344;1;10;24;42
345;1;10;25;44
346;1;10;26;46
347;1;10;27;48
348;1;10;28;50
349;1;10;29;52
350;1;10;30;54
351;1;10;31;56
352;1;10;32;58
353;1;10;33;60
354;1;10;34;62
355;1;10;35;64
356;1;10;36;66
357;1;10;37;68
358;1;10;38;70
359;1;10;39;72
360;1;10;40;74
361;1;10;41;76
362;1;10;42;78
363;1;10;43;80
364;1;10;44;82
365;1;10;45;84
366;1;10;46;86
367;1;10;47;88
368;1;10;48;90
369;1;11;18;31
370;1;11;19;32
371;1;11;20;34
372;1;11;21;36
373;1;11;22;37
374;1;11;23;39
375;1;11;24;41
376;1;11;25;42
377;1;11;26;44
378;1;11;27;46
379;1;11;28;47
380;1;11;29;49
381;1;11;30;51
382;1;11;31;53
383;1;11;32;54
384;1;11;33;56
385;1;11;34;58
386;1;11;35;59
387;1;11;36;61
388;1;11;37;63
389;1;11;38;64
390;1;11;39;66
391;1;11;40;68
392;1;11;41;69
393;1;11;42;71
394;1;11;43;73
395;1;11;44;75
396;1;11;45;76
397;1;11;46;78
398;1;11;47;80
399;1;11;48;81
400;1;11;49;83
401;1;11;50;85
402;1;11;51;86
403;1;11;52;88
404;1;11;53;90
405;1;11;54;92
406;1;11;55;93
407;1;11;56;95
408;1;11;57;97
409;1;11;58;98
410;1;11;59;100
411;1;11;60;102
412;1;11;61;103
413;1;11;62;105
414;1;11;63;107
415;1;11;64;108
416;1;11;65;110
417;1;11;66;112
418;1;11;67;114
419;1;11;68;115
420;1;11;69;117
421;1;11;70;119
422;1;11;71;120
423;1;12;14;31
424;1;12;15;33
425;1;12;16;36
426;1;12;17;38
427;1;12;18;41
428;1;12;19;43
429;1;12;20;46
430;1;12;21;48
431;1;12;22;51
432;1;12;23;53
433;1;12;24;56
434;1;12;25;58
435;1;12;26;61
436;1;12;27;63
437;1;12;28;66
438;1;12;29;68
439;1;12;30;71
440;1;12;31;73
441;1;12;32;76
442;1;12;33;78
443;1;12;34;81
444;1;12;35;83
445;1;12;36;86
446;1;12;37;88
447;1;12;38;91
448;1;12;39;93
449;1;12;40;96
450;1;12;41;98
451;1;12;42;101
452;1;12;43;103
453;1;12;44;106
454;1;12;45;108
455;1;12;46;111
456;1;13;11;31
457;1;13;12;32
458;1;13;13;33
459;1;13;14;35
460;1;13;15;36
461;1;13;16;37
462;1;13;17;39
463;1;13;18;40
464;1;13;19;41
465;1;13;20;43
466;1;13;21;44
467;1;13;22;45
468;1;13;23;47
469;1;13;24;48
470;1;13;25;49
471;1;13;26;51
472;1;13;27;52
473;1;13;28;53
474;1;13;29;54
475;1;13;30;56
476;1;13;31;57
477;1;13;32;58
478;1;13;33;60
479;1;13;34;61
480;1;13;35;62
481;1;13;36;64
482;1;13;37;65
483;1;13;38;66
484;1;13;39;68
485;1;13;40;69
486;1;13;41;70
487;1;13;42;72
488;1;13;43;73
489;1;13;44;74
490;1;13;45;76
491;1;13;46;77
492;1;13;47;78
493;1;13;48;79
494;1;13;49;81
495;1;13;50;82
496;1;13;51;83
497;1;13;52;85
498;1;13;53;86
499;1;13;54;87
500;1;13;55;89
501;1;13;56;90
502;1;13;57;91
503;1;13;58;93
504;1;13;59;94
505;1;13;60;95
506;1;13;61;97
507;1;13;62;98
508;1;13;63;99
509;1;13;64;101
510;1;13;65;102
511;1;13;66;103
512;1;13;67;104
513;1;13;68;106
514;1;13;69;107
515;2;1;0;30
516;2;1;1;31
517;2;1;2;36
518;2;1;3;40
519;2;1;4;45
520;2;1;5;50
521;2;1;6;54
522;2;1;7;59
523;2;1;8;63
524;2;1;9;68
525;2;1;10;72
526;2;1;11;77
527;2;1;12;81
528;2;1;13;86
529;2;1;14;90
530;2;1;15;95
531;2;2;0;34
532;2;2;1;37
533;2;2;2;41
534;2;2;3;44
535;2;2;4;47
536;2;2;5;50
537;2;2;6;54
538;2;2;7;57
539;2;2;8;60
540;2;2;9;63
541;2;2;10;66
542;2;2;11;70
543;2;2;12;73
544;2;2;13;76
545;2;2;14;79
546;2;2;15;83
547;2;2;16;86
548;2;2;17;89
549;2;2;18;92
550;2;2;19;95
551;2;2;20;99
552;2;2;21;102
553;2;2;22;105
554;2;2;23;108
555;2;2;24;112
556;2;2;25;115
557;2;2;26;118
558;2;2;27;121
559;2;2;28;125
560;2;2;29;128
561;2;2;30;131
562;2;2;31;134
563;2;2;32;137
564;2;2;33;141
565;2;2;34;144
566;2;2;35;147
567;2;2;36;150
568;2;2;37;154
569;2;2;38;157
570;2;2;39;160
571;2;2;40;163
572;2;2;41;166
573;2;2;42;170
574;2;2;43;173
575;2;2;44;176
576;2;2;45;179
577;2;2;46;183
578;2;2;47;186
579;2;2;48;189
580;2;2;49;192
581;2;2;50;195
582;2;2;51;199
583;2;2;52;202
584;2;2;53;205
585;2;2;54;208
586;2;2;55;212
587;2;2;56;215
588;2;2;57;218
589;2;2;58;221
590;2;2;59;225
591;2;2;60;228
592;2;3;7;30
593;2;3;8;33
594;2;3;9;35
595;2;3;10;37
596;2;3;11;40
597;2;3;12;42
598;2;3;13;44
599;2;3;14;47
600;2;3;15;49
601;2;3;16;51
602;2;3;17;53
603;2;3;18;56
604;2;3;19;58
605;2;3;20;60
606;2;3;21;63
607;2;3;22;65
608;2;3;23;67
609;2;3;24;70
610;2;3;25;72
611;2;3;26;74
612;2;3;27;77
613;2;3;28;79
614;2;3;29;81
615;2;3;30;84
616;2;4;7;30
617;2;4;8;32
618;2;4;9;35
619;2;4;10;37
620;2;4;11;40
621;2;4;12;42
622;2;4;13;45
623;2;4;14;47
624;2;4;15;50
625;2;4;16;52
626;2;4;17;54
627;2;4;18;57
628;2;4;19;59
629;2;4;20;62
630;2;4;21;64
631;2;4;22;67
632;2;4;23;69
633;2;4;24;71
634;2;4;25;74
635;2;4;26;76
636;2;4;27;79
637;2;4;28;81
638;2;4;29;84
639;2;4;30;86
640;2;4;31;89
641;2;4;32;91
642;2;5;13;31
643;2;5;14;33
644;2;5;15;35
645;2;5;16;37
646;2;5;17;39
647;2;5;18;41
648;2;5;19;43
649;2;5;20;45
650;2;5;21;47
651;2;5;22;49
652;2;5;23;51
653;2;5;24;53
654;2;5;25;55
655;2;5;26;57
656;2;5;27;59
657;2;5;28;61
658;2;5;29;63
659;2;5;30;66
660;2;5;31;68
661;2;5;32;70
662;2;5;33;72
663;2;5;34;74
664;2;5;35;76
665;2;5;36;78
666;2;5;37;80
667;2;5;38;82
668;2;5;39;84
669;2;5;40;86
670;2;5;41;88
671;2;5;42;90
672;2;5;43;92
673;2;5;44;94
674;2;5;45;96
675;2;5;46;98
676;2;5;47;100
677;2;5;48;102
678;2;5;49;104
679;2;5;50;106
680;2;5;51;108
681;2;5;52;110
682;2;5;53;112
683;2;5;54;114
684;2;5;55;117
685;2;5;56;119
686;2;5;57;121
687;2;6;12;30
688;2;6;13;32
689;2;6;14;34
690;2;6;15;36
691;2;6;16;38
692;2;6;17;40
693;2;6;18;42
694;2;6;19;44
695;2;6;20;46
696;2;6;21;48
697;2;6;22;50
698;2;6;23;52
699;2;6;24;54
700;2;6;25;56
701;2;6;26;58
702;2;6;27;60
703;2;6;28;62
704;2;6;29;64
705;2;6;30;67
706;2;6;31;69
707;2;6;32;71
708;2;6;33;73
709;2;6;34;75
710;2;6;35;77
711;2;6;36;79
712;2;6;37;81
713;2;6;38;83
714;2;6;39;85
715;2;6;40;87
716;2;6;41;89
717;2;6;42;91
718;2;6;43;93
719;2;6;44;95
720;2;6;45;97
721;2;6;46;99
722;2;6;47;101
723;2;6;48;103
724;2;6;49;105
725;2;6;50;107
726;2;6;51;109
727;2;6;52;111
728;2;6;53;113
729;2;6;54;116
730;2;6;55;118
731;2;6;56;120
732;2;6;57;122
733;2;6;58;124
734;2;6;59;126
735;2;6;60;128
736;2;7;14;30
737;2;7;15;32
738;2;7;16;35
739;2;7;17;37
740;2;7;18;39
741;2;7;19;42
742;2;7;20;44
743;2;7;21;46
744;2;7;22;49
745;2;7;23;51
746;2;7;24;54
747;2;7;25;56
748;2;7;26;58
749;2;7;27;61
750;2;7;28;63
751;2;7;29;65
752;2;7;30;68
753;2;7;31;70
754;2;7;32;73
755;2;7;33;75
756;2;7;34;77
757;2;7;35;80
758;2;7;36;82
759;2;7;37;85
760;2;7;38;87
761;2;7;39;89
762;2;7;40;92
763;2;7;41;94
764;2;7;42;96
765;2;7;43;99
766;2;7;44;101
767;2;7;45;104
768;2;7;46;106
769;2;7;47;108
770;2;7;48;111
771;2;7;49;113
772;2;7;50;115
773;2;8;0;132
774;2;8;1;129
775;2;8;2;126
776;2;8;3;124
777;2;8;4;121
778;2;8;5;118
779;2;8;6;116
780;2;8;7;113
781;2;8;8;110
782;2;8;9;108
783;2;8;10;105
784;2;8;11;102
785;2;8;12;99
786;2;8;13;97
787;2;8;14;94
788;2;8;15;91
789;2;8;16;89
790;2;8;17;86
791;2;8;18;83
792;2;8;19;81
793;2;8;20;78
794;2;8;21;75
795;2;8;22;72
796;2;8;23;70
797;2;8;24;67
798;2;8;25;64
799;2;8;26;62
800;2;8;27;59
801;2;8;28;56
802;2;8;29;54
803;2;8;30;51
804;2;8;31;48
805;2;8;32;45
806;2;8;33;43
807;2;8;34;40
808;2;8;35;37
809;2;8;36;35
810;2;8;37;32
811;2;9;4;32
812;2;9;5;35
813;2;9;6;38
814;2;9;7;42
815;2;9;8;45
816;2;9;9;48
817;2;9;10;51
818;2;9;11;55
819;2;9;12;58
820;2;9;13;61
821;2;9;14;64
822;2;9;15;67
823;2;9;16;71
824;2;9;17;74
825;2;9;18;77
826;2;9;19;80
827;2;9;20;84
828;2;9;21;87
829;2;9;22;90
830;2;9;23;93
831;2;9;24;96
832;2;9;25;100
833;2;9;26;103
834;2;9;27;106
835;2;9;28;109
836;2;9;29;113
837;2;9;30;116
838;2;9;31;119
839;2;9;32;122
840;2;9;33;125
841;2;9;34;129
842;2;9;35;132
843;2;9;36;135
844;2;9;37;138
845;2;9;38;142
846;2;9;39;145
847;2;9;40;148
848;2;10;19;31
849;2;10;20;33
850;2;10;21;35
851;2;10;22;37
852;2;10;23;39
853;2;10;24;41
854;2;10;25;43
855;2;10;26;45
856;2;10;27;47
857;2;10;28;49
858;2;10;29;51
859;2;10;30;53
860;2;10;31;55
861;2;10;32;57
862;2;10;33;59
863;2;10;34;61
864;2;10;35;63
865;2;10;36;65
866;2;10;37;67
867;2;10;38;69
868;2;10;39;71
869;2;10;40;73
870;2;10;41;75
871;2;10;42;77
872;2;10;43;79
873;2;10;44;81
874;2;10;45;83
875;2;10;46;85
876;2;10;47;87
877;2;11;17;30
878;2;11;18;32
879;2;11;19;34
880;2;11;20;35
881;2;11;21;37
882;2;11;22;39
883;2;11;23;41
884;2;11;24;42
885;2;11;25;44
886;2;11;26;46
887;2;11;27;47
888;2;11;28;49
889;2;11;29;51
890;2;11;30;52
891;2;11;31;54
892;2;11;32;56
893;2;11;33;57
894;2;11;34;59
895;2;11;35;61
896;2;11;36;63
897;2;11;37;64
898;2;11;38;66
899;2;11;39;68
900;2;11;40;69
901;2;11;41;71
902;2;11;42;73
903;2;11;43;74
904;2;11;44;76
905;2;11;45;78
906;2;11;46;79
907;2;11;47;81
908;2;11;48;83
909;2;11;49;85
910;2;11;50;86
911;2;11;51;88
912;2;11;52;90
913;2;11;53;91
914;2;11;54;93
915;2;11;55;95
916;2;11;56;96
917;2;11;57;98
918;2;11;58;100
919;2;11;59;102
920;2;11;60;103
921;2;11;61;105
922;2;11;62;107
923;2;11;63;108
924;2;11;64;110
925;2;11;65;112
926;2;11;66;113
927;2;11;67;115
928;2;11;68;117
929;2;11;69;118
930;2;11;70;120
931;2;12;14;31
932;2;12;15;34
933;2;12;16;36
934;2;12;17;39
935;2;12;18;42
936;2;12;19;44
937;2;12;20;47
938;2;12;21;50
939;2;12;22;52
940;2;12;23;55
941;2;12;24;58
942;2;12;25;61
943;2;12;26;63
944;2;12;27;66
945;2;12;28;69
946;2;12;29;71
947;2;12;30;74
948;2;12;31;77
949;2;12;32;79
950;2;12;33;82
951;2;12;34;85
952;2;12;35;88
953;2;12;36;90
954;2;12;37;93
955;2;12;38;96
956;2;12;39;98
957;2;12;40;101
958;2;12;41;104
959;2;12;42;106
960;2;12;43;109
961;2;12;44;112
962;2;12;45;115
963;2;12;46;117
964;2;13;11;30
965;2;13;12;31
966;2;13;13;32
967;2;13;14;33
968;2;13;15;35
969;2;13;16;36
970;2;13;17;37
971;2;13;18;38
972;2;13;19;40
973;2;13;20;41
974;2;13;21;42
975;2;13;22;43
976;2;13;23;45
977;2;13;24;46
978;2;13;25;47
979;2;13;26;48
980;2;13;27;50
981;2;13;28;51
982;2;13;29;52
983;2;13;30;53
984;2;13;31;54
985;2;13;32;56
986;2;13;33;57
987;2;13;34;58
988;2;13;35;59
989;2;13;36;61
990;2;13;37;62
991;2;13;38;63
992;2;13;39;64
993;2;13;40;66
994;2;13;41;67
995;2;13;42;68
996;2;13;43;69
997;2;13;44;70
998;2;13;45;72
999;2;13;46;73
1000;2;13;47;74
1001;2;13;48;75
1002;2;13;49;77
1003;2;13;50;78
1004;2;13;51;79
1005;2;13;52;80
1006;2;13;53;82
1007;2;13;54;83
1008;2;13;55;84
1009;2;13;56;85
1010;2;13;57;87
1011;2;13;58;88
1012;2;13;59;89
1013;2;13;60;90
1014;2;13;61;91
1015;2;13;62;93
1016;2;13;63;94
1017;2;13;64;95
1018;2;13;65;96
1019;2;13;66;98
1020;2;13;67;99
1021;2;13;68;100
1022;2;13;69;101
1023;1;14;0;36
1024;1;14;1;37
1025;1;14;2;38
1026;1;14;3;40
1027;1;14;4;41
1028;1;14;5;43
1029;1;14;6;44
1030;1;14;7;45
1031;1;14;8;47
1032;1;14;9;48
1033;1;14;10;49
1034;1;14;11;51
1035;1;14;12;52
1036;1;14;13;54
1037;1;14;14;55
1038;1;14;15;56
1039;1;14;16;58
1040;1;14;17;59
1041;1;14;18;60
1042;1;14;19;62
1043;1;14;20;63
1044;1;14;21;65
1045;1;14;22;66
1046;1;14;23;67
1047;1;14;24;69
1048;1;14;25;70
1049;1;14;26;71
1050;1;14;27;73
1051;1;14;28;74
1052;1;14;29;75
1053;1;14;30;77
1054;1;14;31;78
1055;1;14;32;80
1056;1;14;33;81
1057;1;14;34;82
1058;1;14;35;84
1059;1;14;36;85
1060;1;14;37;86
1061;1;14;38;88
1062;1;14;39;89
1063;1;15;9;31
1064;1;15;10;34
1065;1;15;11;36
1066;1;15;12;38
1067;1;15;13;40
1068;1;15;14;43
1069;1;15;15;45
1070;1;15;16;47
1071;1;15;17;50
1072;1;15;18;52
1073;1;15;19;54
1074;1;15;20;56
1075;1;15;21;59
1076;1;15;22;61
1077;1;15;23;63
1078;1;15;24;65
1079;1;15;25;68
1080;1;15;26;70
1081;1;15;27;72
1082;1;15;28;75
1083;1;15;29;77
1084;1;15;30;79
1085;1;15;31;81
1086;1;15;32;84
1087;1;15;33;86
1088;1;15;34;88
1089;1;15;35;90
1090;1;15;36;93
1091;1;15;37;95
1092;1;16;29;31
1093;1;16;30;34
1094;1;16;31;36
1095;1;16;32;38
1096;1;16;33;40
1097;1;16;34;43
1098;1;16;35;45
1099;1;16;36;47
1100;1;16;37;50
1101;1;16;38;52
1102;1;16;39;54
1103;1;16;40;56
1104;1;16;41;59
1105;1;16;42;61
1106;1;16;43;63
1107;1;16;44;65
1108;1;16;45;68
1109;1;16;46;70
1110;1;16;47;72
1111;1;16;48;75
1112;1;16;49;77
1113;1;16;50;79
1114;1;16;51;81
1115;1;16;52;84
1116;1;17;14;30
1117;1;17;15;33
1118;1;17;16;36
1119;1;17;17;39
1120;1;17;18;41
1121;1;17;19;44
1122;1;17;20;47
1123;1;17;21;50
1124;1;17;22;53
1125;1;17;23;56
1126;1;17;24;59
1127;1;17;25;61
1128;1;17;26;64
1129;1;17;27;67
1130;1;17;28;70
1131;1;17;29;73
1132;1;17;30;76
1133;1;17;31;79
1134;1;17;32;81
1135;1;17;33;84
1136;1;17;34;87
1137;1;17;35;90
1138;1;17;36;93
1139;1;17;37;96
1140;1;17;38;99
1141;1;17;39;101
1142;1;17;40;104
1143;1;17;41;107
1144;1;17;42;110
1145;1;17;43;113
1146;1;17;44;116
1147;1;17;45;119
1148;1;17;46;121
1149;1;17;47;124
1150;1;17;48;127
1151;1;17;49;130
1152;1;18;0;40
1153;1;18;1;44
1154;1;18;2;48
1155;1;18;3;52
1156;1;18;4;56
1157;1;18;5;60
1158;1;18;6;64
1159;1;18;7;68
1160;1;18;8;72
1161;1;18;9;76
1162;1;18;10;80
1163;1;18;11;84
1164;1;18;12;88
1165;1;18;13;92
1166;1;18;14;96
1167;1;18;15;100
1168;1;18;16;104
1169;1;18;17;108
1170;1;18;18;112
1171;1;18;19;116
1172;1;18;20;120
1173;1;18;21;124
1174;1;18;22;128
1175;1;18;23;132
1176;1;18;24;136
1177;1;18;25;140
1178;1;18;26;144
1179;1;18;27;148
1180;1;18;28;152
1181;1;18;29;156
1182;1;18;30;160
1183;1;18;31;164
1184;1;18;32;168
1185;1;18;33;172
1186;1;18;34;176
1187;1;18;35;180
1188;1;18;36;184
1189;1;18;37;188
1190;1;18;38;192
1191;1;18;39;196
1192;1;18;40;200
1193;1;19;9;33
1194;1;19;10;36
1195;1;19;11;39
1196;1;19;12;43
1197;1;19;13;46
1198;1;19;14;49
1199;1;19;15;53
1200;1;19;16;56
1201;1;19;17;59
1202;1;19;18;63
1203;1;19;19;66
1204;1;19;20;69
1205;1;19;21;73
1206;1;19;22;76
1207;1;19;23;79
1208;1;19;24;83
1209;1;19;25;86
1210;1;19;26;89
1211;1;19;27;93
1212;1;19;28;96
1213;1;20;11;30
1214;1;20;12;33
1215;1;20;13;37
1216;1;20;14;41
1217;1;20;15;44
1218;1;20;16;48
1219;1;20;17;52
1220;1;20;18;56
1221;1;20;19;59
1222;1;20;20;63
1223;1;20;21;67
1224;1;20;22;70
1225;1;20;23;74
1226;1;20;24;78
1227;1;20;25;81
1228;1;21;13;31
1229;1;21;14;33
1230;1;21;15;36
1231;1;21;16;39
1232;1;21;17;42
1233;1;21;18;44
1234;1;21;19;47
1235;1;21;20;50
1236;1;21;21;53
1237;1;21;22;56
1238;1;21;23;58
1239;1;21;24;61
1240;1;21;25;64
1241;1;21;26;67
1242;1;21;27;69
1243;1;21;28;72
1244;1;21;29;75
1245;1;21;30;78
1246;1;22;1;30
1247;1;22;2;32
1248;1;22;3;33
1249;1;22;4;35
1250;1;22;5;36
1251;1;22;6;38
1252;1;22;7;40
1253;1;22;8;41
1254;1;22;9;43
1255;1;22;10;45
1256;1;22;11;46
1257;1;22;12;48
1258;1;22;13;49
1259;1;22;14;51
1260;1;22;15;53
1261;1;22;16;54
1262;1;22;17;56
1263;1;22;18;57
1264;1;22;19;59
1265;1;22;20;61
1266;1;22;21;62
1267;1;22;22;64
1268;1;22;23;65
1269;1;22;24;67
1270;1;22;25;69
1271;1;22;26;70
1272;1;22;27;72
1273;1;22;28;74
1274;1;22;29;75
1275;1;22;30;77
1276;1;22;31;78
1277;1;22;32;80
1278;1;22;33;82
1279;1;22;34;83
1280;1;22;35;85
1281;1;22;36;86
1282;1;22;37;88
1283;1;22;38;90
1284;1;22;39;91
1285;1;22;40;93
1286;1;22;41;95
1287;1;23;28;31
1288;1;23;29;33
1289;1;23;30;35
1290;1;23;31;37
1291;1;23;32;40
1292;1;23;33;42
1293;1;23;34;44
1294;1;23;35;46
1295;1;23;36;48
1296;1;23;37;51
1297;1;23;38;53
1298;1;23;39;55
1299;1;23;40;57
1300;1;23;41;60
1301;1;23;42;62
1302;1;23;43;64
1303;1;23;44;66
1304;1;23;45;68
1305;1;23;46;71
1306;1;23;47;73
1307;1;24;19;30
1308;1;24;20;32
1309;1;24;21;35
1310;1;24;22;37
1311;1;24;23;40
1312;1;24;24;42
1313;1;24;25;44
1314;1;24;26;47
1315;1;24;27;49
1316;1;24;28;52
1317;1;24;29;54
1318;1;24;30;57
1319;1;24;31;59
1320;1;24;32;61
1321;1;24;33;64
1322;1;24;34;66
1323;1;24;35;69
1324;1;24;36;71
1325;1;24;37;74
1326;1;24;38;76
1327;1;24;39;79
1328;1;24;40;81
1329;1;24;41;83
1330;1;24;42;86
1331;1;24;43;88
1332;1;24;44;91
1333;1;24;45;93
1334;1;24;46;96
1335;1;25;0;36
1336;1;25;1;37
1337;1;25;2;39
1338;1;25;3;41
1339;1;25;4;42
1340;1;25;5;44
1341;1;25;6;45
1342;1;25;7;47
1343;1;25;8;49
1344;1;25;9;50
1345;1;25;10;52
1346;1;25;11;54
1347;1;25;12;55
1348;1;25;13;57
1349;1;25;14;58
1350;1;25;15;60
1351;1;25;16;62
1352;1;25;17;63
1353;1;25;18;65
1354;1;25;19;66
1355;1;25;20;68
1356;1;25;21;70
1357;1;25;22;71
1358;1;25;23;73
1359;1;25;24;75
1360;1;25;25;76
1361;1;25;26;78
1362;1;25;27;79
1363;1;25;28;81
1364;1;25;29;83
1365;1;25;30;84
1366;1;25;31;86
1367;1;25;32;87
1368;1;25;33;89
1369;1;25;34;91
1370;1;25;35;92
1371;1;25;36;94
1372;1;25;37;95
1373;1;25;38;97
1374;1;25;39;99
1375;1;25;40;100
1376;1;25;41;102
1377;1;25;42;104
1378;1;25;43;105
1379;1;25;44;107
1380;1;25;45;108
1381;1;25;46;110
1382;1;26;0;36
1383;1;26;1;37
1384;1;26;2;38
1385;1;26;3;39
1386;1;26;4;40
1387;1;26;5;42
1388;1;26;6;43
1389;1;26;7;44
1390;1;26;8;45
1391;1;26;9;46
1392;1;26;10;48
1393;1;26;11;49
1394;1;26;12;50
1395;1;26;13;51
1396;1;26;14;52
1397;1;26;15;53
1398;1;26;16;55
1399;1;26;17;56
1400;1;26;18;57
1401;1;26;19;58
1402;1;26;20;59
1403;1;26;21;61
1404;1;26;22;62
1405;1;26;23;63
1406;1;26;24;64
1407;1;26;25;65
1408;1;26;26;67
1409;1;26;27;68
1410;1;26;28;69
1411;1;26;29;70
1412;1;26;30;71
1413;1;26;31;73
1414;1;26;32;74
1415;1;26;33;75
1416;1;26;34;76
1417;1;26;35;77
1418;1;26;36;78
1419;1;26;37;80
1420;1;26;38;81
1421;1;26;39;82
1422;1;26;40;83
1423;1;26;41;84
1424;1;26;42;86
1425;1;26;43;87
1426;1;26;44;88
1427;1;26;45;89
1428;1;26;46;90
1429;1;26;47;92
1430;1;26;48;93
1431;1;26;49;94
1432;1;26;50;95
1433;1;26;51;96
1434;1;26;52;98
1435;1;26;53;99
1436;1;26;54;100
1437;1;26;55;101
1438;1;26;56;102
1439;1;26;57;103
1440;1;26;58;105
1441;1;26;59;106
1442;1;26;60;107
1443;1;27;0;36
1444;1;27;1;39
1445;1;27;2;42
1446;1;27;3;45
1447;1;27;4;48
1448;1;27;5;51
1449;1;27;6;53
1450;1;27;7;56
1451;1;27;8;59
1452;1;27;9;62
1453;1;27;10;65
1454;1;27;11;68
1455;1;27;12;71
1456;1;27;13;74
1457;1;27;14;77
1458;1;28;0;37
1459;1;28;1;41
1460;1;28;2;45
1461;1;28;3;49
1462;1;28;4;54
1463;1;28;5;58
1464;1;28;6;62
1465;1;28;7;67
1466;1;28;8;71
1467;1;29;1;38
1468;1;29;2;41
1469;1;29;3;44
1470;1;29;4;47
1471;1;29;5;50
1472;1;29;6;53
1473;1;29;7;56
1474;1;29;8;59
1475;1;29;9;62
1476;1;29;10;65
1477;1;29;11;68
1478;1;29;12;71
1479;1;29;13;74
1480;1;29;14;77
1481;1;29;15;80
1482;1;29;16;83
1483;1;29;17;86
1484;2;14;0;33
1485;2;14;1;35
1486;2;14;2;36
1487;2;14;3;37
1488;2;14;4;39
1489;2;14;5;40
1490;2;14;6;41
1491;2;14;7;43
1492;2;14;8;44
1493;2;14;9;46
1494;2;14;10;47
1495;2;14;11;48
1496;2;14;12;50
1497;2;14;13;51
1498;2;14;14;52
1499;2;14;15;54
1500;2;14;16;55
1501;2;14;17;56
1502;2;14;18;58
1503;2;14;19;59
1504;2;14;20;60
1505;2;14;21;62
1506;2;14;22;63
1507;2;14;23;64
1508;2;14;24;66
1509;2;14;25;67
1510;2;14;26;69
1511;2;14;27;70
1512;2;14;28;71
1513;2;14;29;73
1514;2;14;30;74
1515;2;14;31;75
1516;2;14;32;77
1517;2;14;33;78
1518;2;14;34;79
1519;2;14;35;81
1520;2;14;36;82
1521;2;14;37;83
1522;2;14;38;85
1523;2;14;39;86
1524;2;15;11;32
1525;2;15;12;34
1526;2;15;13;37
1527;2;15;14;40
1528;2;15;15;42
1529;2;15;16;45
1530;2;15;17;48
1531;2;15;18;50
1532;2;15;19;53
1533;2;15;20;56
1534;2;15;21;58
1535;2;15;22;61
1536;2;15;23;63
1537;2;15;24;66
1538;2;15;25;69
1539;2;15;26;71
1540;2;15;27;74
1541;2;15;28;77
1542;2;15;29;79
1543;2;15;30;82
1544;2;15;31;84
1545;2;15;32;87
1546;2;15;33;90
1547;2;15;34;92
1548;2;15;35;95
1549;2;15;36;98
1550;2;15;37;100
1551;2;16;26;30
1552;2;16;27;32
1553;2;16;28;34
1554;2;16;29;36
1555;2;16;30;38
1556;2;16;31;41
1557;2;16;32;43
1558;2;16;33;45
1559;2;16;34;47
1560;2;16;35;50
1561;2;16;36;52
1562;2;16;37;54
1563;2;16;38;56
1564;2;16;39;58
1565;2;16;40;61
1566;2;16;41;63
1567;2;16;42;65
1568;2;16;43;67
1569;2;16;44;70
1570;2;16;45;72
1571;2;16;46;74
1572;2;16;47;76
1573;2;16;48;78
1574;2;16;49;81
1575;2;16;50;83
1576;2;16;51;85
1577;2;16;52;87
1578;2;17;13;31
1579;2;17;14;34
1580;2;17;15;37
1581;2;17;16;40
1582;2;17;17;43
1583;2;17;18;46
1584;2;17;19;49
1585;2;17;20;52
1586;2;17;21;55
1587;2;17;22;58
1588;2;17;23;61
1589;2;17;24;64
1590;2;17;25;67
1591;2;17;26;70
1592;2;17;27;73
1593;2;17;28;76
1594;2;17;29;79
1595;2;17;30;82
1596;2;17;31;85
1597;2;17;32;88
1598;2;17;33;91
1599;2;17;34;94
1600;2;17;35;97
1601;2;17;36;100
1602;2;17;37;103
1603;2;17;38;106
1604;2;17;39;109
1605;2;17;40;112
1606;2;17;41;115
1607;2;17;42;118
1608;2;17;43;122
1609;2;17;44;125
1610;2;17;45;128
1611;2;17;46;131
1612;2;17;47;134
1613;2;17;48;137
1614;2;17;49;140
1615;2;18;0;38
1616;2;18;1;42
1617;2;18;2;47
1618;2;18;3;51
1619;2;18;4;55
1620;2;18;5;60
1621;2;18;6;64
1622;2;18;7;68
1623;2;18;8;73
1624;2;18;9;77
1625;2;18;10;81
1626;2;18;11;86
1627;2;18;12;90
1628;2;18;13;94
1629;2;18;14;99
1630;2;18;15;103
1631;2;18;16;107
1632;2;18;17;112
1633;2;18;18;116
1634;2;18;19;120
1635;2;18;20;125
1636;2;18;21;129
1637;2;18;22;133
1638;2;18;23;138
1639;2;18;24;142
1640;2;18;25;147
1641;2;18;26;151
1642;2;18;27;155
1643;2;18;28;160
1644;2;18;29;164
1645;2;18;30;168
1646;2;18;31;173
1647;2;18;32;177
1648;2;18;33;181
1649;2;18;34;186
1650;2;18;35;190
1651;2;18;36;194
1652;2;18;37;199
1653;2;18;38;203
1654;2;18;39;207
1655;2;18;40;212
1656;2;19;10;33
1657;2;19;11;37
1658;2;19;12;41
1659;2;19;13;45
1660;2;19;14;49
1661;2;19;15;53
1662;2;19;16;57
1663;2;19;17;61
1664;2;19;18;65
1665;2;19;19;69
1666;2;19;20;73
1667;2;19;21;77
1668;2;19;22;81
1669;2;19;23;85
1670;2;19;24;89
1671;2;19;25;93
1672;2;19;26;97
1673;2;19;27;101
1674;2;19;28;105
1675;2;20;11;30
1676;2;20;12;34
1677;2;20;13;38
1678;2;20;14;41
1679;2;20;15;45
1680;2;20;16;49
1681;2;20;17;53
1682;2;20;18;56
1683;2;20;19;60
1684;2;20;20;64
1685;2;20;21;67
1686;2;20;22;71
1687;2;20;23;75
1688;2;20;24;79
1689;2;20;25;82
1690;2;21;0;126
1691;2;21;1;122
1692;2;21;2;119
1693;2;21;3;115
1694;2;21;4;111
1695;2;21;5;108
1696;2;21;6;104
1697;2;21;7;101
1698;2;21;8;97
1699;2;21;9;94
1700;2;21;10;90
1701;2;21;11;86
1702;2;21;12;83
1703;2;21;13;79
1704;2;21;14;76
1705;2;21;15;72
1706;2;21;16;69
1707;2;21;17;65
1708;2;21;18;61
1709;2;21;19;58
1710;2;21;20;54
1711;2;21;21;51
1712;2;21;22;47
1713;2;21;23;44
1714;2;21;24;40
1715;2;21;25;36
1716;2;21;26;33
1717;2;22;2;30
1718;2;22;3;31
1719;2;22;4;33
1720;2;22;5;34
1721;2;22;6;36
1722;2;22;7;38
1723;2;22;8;39
1724;2;22;9;41
1725;2;22;10;42
1726;2;22;11;44
1727;2;22;12;46
1728;2;22;13;47
1729;2;22;14;49
1730;2;22;15;50
1731;2;22;16;52
1732;2;22;17;54
1733;2;22;18;55
1734;2;22;19;57
1735;2;22;20;59
1736;2;22;21;60
1737;2;22;22;62
1738;2;22;23;63
1739;2;22;24;65
1740;2;22;25;67
1741;2;22;26;68
1742;2;22;27;70
1743;2;22;28;71
1744;2;22;29;73
1745;2;22;30;75
1746;2;22;31;76
1747;2;22;32;78
1748;2;22;33;80
1749;2;22;34;81
1750;2;22;35;83
1751;2;22;36;84
1752;2;22;37;86
1753;2;22;38;88
1754;2;22;39;89
1755;2;22;40;91
1756;2;22;41;92
1757;2;23;20;31
1758;2;23;21;32
1759;2;23;22;34
1760;2;23;23;36
1761;2;23;24;38
1762;2;23;25;40
1763;2;23;26;42
1764;2;23;27;44
1765;2;23;28;45
1766;2;23;29;47
1767;2;23;30;49
1768;2;23;31;51
1769;2;23;32;53
1770;2;23;33;55
1771;2;23;34;56
1772;2;23;35;58
1773;2;23;36;60
1774;2;23;37;62
1775;2;23;38;64
1776;2;23;39;66
1777;2;23;40;68
1778;2;23;41;69
1779;2;23;42;71
1780;2;23;43;73
1781;2;23;44;75
1782;2;23;45;77
1783;2;23;46;79
1784;2;23;47;81
1785;2;24;28;30
1786;2;24;29;33
1787;2;24;30;36
1788;2;24;31;39
1789;2;24;32;41
1790;2;24;33;44
1791;2;24;34;47
1792;2;24;35;50
1793;2;24;36;53
1794;2;24;37;56
1795;2;24;38;59
1796;2;24;39;62
1797;2;24;40;65
1798;2;24;41;68
1799;2;24;42;71
1800;2;24;43;74
1801;2;24;44;77
1802;2;24;45;80
1803;2;24;46;83
1804;2;25;0;38
1805;2;25;1;37
1806;2;25;2;39
1807;2;25;3;40
1808;2;25;4;42
1809;2;25;5;44
1810;2;25;6;45
1811;2;25;7;47
1812;2;25;8;49
1813;2;25;9;50
1814;2;25;10;52
1815;2;25;11;54
1816;2;25;12;55
1817;2;25;13;57
1818;2;25;14;59
1819;2;25;15;60
1820;2;25;16;62
1821;2;25;17;63
1822;2;25;18;65
1823;2;25;19;67
1824;2;25;20;68
1825;2;25;21;70
1826;2;25;22;72
1827;2;25;23;73
1828;2;25;24;75
1829;2;25;25;77
1830;2;25;26;78
1831;2;25;27;80
1832;2;25;28;81
1833;2;25;29;83
1834;2;25;30;85
1835;2;25;31;86
1836;2;25;32;88
1837;2;25;33;90
1838;2;25;34;91
1839;2;25;35;93
1840;2;25;36;95
1841;2;25;37;96
1842;2;25;38;98
1843;2;25;39;100
1844;2;25;40;101
1845;2;25;41;103
1846;2;25;42;104
1847;2;25;43;106
1848;2;25;44;108
1849;2;25;45;109
1850;2;25;46;111
1851;2;26;0;34
1852;2;26;1;36
1853;2;26;2;37
1854;2;26;3;38
1855;2;26;4;39
1856;2;26;5;40
1857;2;26;6;42
1858;2;26;7;43
1859;2;26;8;44
1860;2;26;9;45
1861;2;26;10;46
1862;2;26;11;48
1863;2;26;12;49
1864;2;26;13;50
1865;2;26;14;51
1866;2;26;15;52
1867;2;26;16;53
1868;2;26;17;55
1869;2;26;18;56
1870;2;26;19;57
1871;2;26;20;58
1872;2;26;21;59
1873;2;26;22;61
1874;2;26;23;62
1875;2;26;24;63
1876;2;26;25;64
1877;2;26;26;65
1878;2;26;27;67
1879;2;26;28;68
1880;2;26;29;69
1881;2;26;30;70
1882;2;26;31;71
1883;2;26;32;73
1884;2;26;33;74
1885;2;26;34;75
1886;2;26;35;76
1887;2;26;36;77
1888;2;26;37;78
1889;2;26;38;80
1890;2;26;39;81
1891;2;26;40;82
1892;2;26;41;83
1893;2;26;42;84
1894;2;26;43;86
1895;2;26;44;87
1896;2;26;45;88
1897;2;26;46;89
1898;2;26;47;90
1899;2;26;48;92
1900;2;26;49;93
1901;2;26;50;94
1902;2;26;51;95
1903;2;26;52;96
1904;2;26;53;98
1905;2;26;54;99
1906;2;26;55;100
1907;2;26;56;101
1908;2;26;57;102
1909;2;26;58;103
1910;2;26;59;105
1911;2;26;60;106
1912;2;27;0;36
1913;2;27;1;38
1914;2;27;2;41
1915;2;27;3;44
1916;2;27;4;46
1917;2;27;5;49
1918;2;27;6;52
1919;2;27;7;55
1920;2;27;8;57
1921;2;27;9;60
1922;2;27;10;63
1923;2;27;11;65
1924;2;27;12;68
1925;2;27;13;71
1926;2;27;14;73
1927;2;28;0;37
1928;2;28;1;42
1929;2;28;2;47
1930;2;28;3;51
1931;2;28;4;56
1932;2;28;5;60
1933;2;28;6;65
1934;2;28;7;69
1935;2;28;8;74
1936;2;29;1;38
1937;2;29;2;41
1938;2;29;3;44
1939;2;29;4;47
1940;2;29;5;49
1941;2;29;6;52
1942;2;29;7;55
1943;2;29;8;58
1944;2;29;9;60
1945;2;29;10;63
1946;2;29;11;66
1947;2;29;12;69
1948;2;29;13;72
1949;2;29;14;74
1950;2;29;15;77
1951;2;29;16;80
1952;2;29;17;83
1953;2;27;0;36
1954;2;27;1;38
1955;2;27;2;41
1956;2;27;3;44
1957;2;27;4;46
1958;2;27;5;49
1959;2;27;6;52
1960;2;27;7;55
1961;2;27;8;57
1962;2;27;9;60
1963;2;27;10;63
1964;2;27;11;65
1965;2;27;12;68
1966;2;27;13;71
1967;2;27;14;73
1968;2;28;0;37
1969;2;28;1;42
1970;2;28;2;47
1971;2;28;3;51
1972;2;28;4;56
1973;2;28;5;60
1974;2;28;6;65
1975;2;28;7;69
1976;2;28;8;74
1977;2;29;1;38
1978;2;29;2;41
1979;2;29;3;44
1980;2;29;4;47
1981;2;29;5;49
1982;2;29;6;52
1983;2;29;7;55
1984;2;29;8;58
1985;2;29;9;60
1986;2;29;10;63
1987;2;29;11;66
1988;2;29;12;69
1989;2;29;13;72
1990;2;29;14;74
1991;2;29;15;77
1992;2;29;16;80
1993;2;29;17;83
1994;1;30;0;35
1995;1;30;1;37
1996;1;30;2;40
1997;1;30;3;42
1998;1;30;4;45
1999;1;30;5;47
2000;1;30;6;49
2001;1;30;7;52
2002;1;30;8;54
2003;1;30;9;56
2004;1;30;10;59
2005;1;30;11;61
2006;1;30;12;64
2007;1;30;13;66
2008;1;30;14;68
2009;1;30;15;71
2010;1;30;16;73
2011;1;30;17;75
2012;1;30;18;78
2013;1;30;19;80
2014;1;30;20;83
2015;1;30;21;85
2016;1;31;0;35
2017;1;31;1;38
2018;1;31;2;41
2019;1;31;3;44
2020;1;31;4;47
2021;1;31;5;50
2022;1;31;6;53
2023;1;31;7;56
2024;1;31;8;59
2025;1;31;9;62
2026;1;31;10;65
2027;1;31;11;68
2028;1;31;12;72
2029;1;31;13;75
2030;1;31;14;78
2031;1;31;15;81
2032;1;31;16;84
2033;1;31;17;87
2034;1;31;18;90
2035;1;31;19;93
2036;1;31;20;96
2037;1;32;0;34
2038;1;32;1;37
2039;1;32;2;41
2040;1;32;3;44
2041;1;32;4;47
2042;1;32;5;51
2043;1;32;6;54
2044;1;32;7;57
2045;1;32;8;61
2046;1;32;9;64
2047;1;32;10;67
2048;1;32;11;71
2049;1;32;12;74
2050;1;32;13;77
2051;1;32;14;81
2052;1;33;0;36
2053;1;33;1;39
2054;1;33;2;41
2055;1;33;3;43
2056;1;33;4;46
2057;1;33;5;48
2058;1;33;6;50
2059;1;33;7;53
2060;1;33;8;55
2061;1;33;9;58
2062;1;33;10;60
2063;1;33;11;62
2064;1;33;12;65
2065;1;33;13;67
2066;1;33;14;70
2067;1;33;15;72
2068;1;33;16;74
2069;1;33;17;77
2070;1;33;18;79
2071;1;33;19;81
2072;1;33;20;84
2073;1;33;21;86
2074;1;33;22;89
2075;1;33;23;91
2076;1;33;24;93
2077;1;33;25;96
2078;1;33;26;98
2079;1;34;0;34
2080;1;34;1;37
2081;1;34;2;40
2082;1;34;3;42
2083;1;34;4;45
2084;1;34;5;48
2085;1;34;6;50
2086;1;34;7;53
2087;1;34;8;56
2088;1;34;9;58
2089;1;34;10;61
2090;1;34;11;63
2091;1;34;12;66
2092;1;34;13;69
2093;1;34;14;71
2094;1;34;15;74
2095;1;34;16;77
2096;1;34;17;79
2097;1;34;18;82
2098;1;34;19;84
2099;1;34;20;87
2100;1;34;21;90
2101;1;34;22;92
2102;1;34;23;95
2103;1;34;24;98
2104;1;35;0;39
2105;1;35;1;43
2106;1;35;2;47
2107;1;35;3;52
2108;1;35;4;56
2109;1;35;5;60
2110;1;35;6;65
2111;1;35;7;69
2112;1;35;8;73
2113;1;35;9;78
2114;1;35;10;82
2115;1;35;11;87
2116;1;35;12;91
2117;1;35;13;95
2118;1;36;0;32
2119;1;36;1;35
2120;1;36;2;39
2121;1;36;3;42
2122;1;36;4;45
2123;1;36;5;48
2124;1;36;6;52
2125;1;36;7;55
2126;1;36;8;58
2127;1;36;9;61
2128;1;36;10;65
2129;1;36;11;68
2130;1;36;12;71
2131;1;36;13;74
2132;1;36;14;77
2133;1;36;15;81
2134;1;36;16;84
2135;1;37;2;31
2136;1;37;3;33
2137;1;37;4;35
2138;1;37;5;37
2139;1;37;6;39
2140;1;37;7;41
2141;1;37;8;43
2142;1;37;9;45
2143;1;37;10;47
2144;1;37;11;49
2145;1;37;12;51
2146;1;37;13;54
2147;1;37;14;56
2148;1;37;15;58
2149;1;37;16;60
2150;1;37;17;62
2151;1;37;18;64
2152;1;37;19;66
2153;1;37;20;68
2154;1;37;21;70
2155;1;37;22;72
2156;1;37;23;74
2157;1;38;3;31
2158;1;38;4;33
2159;1;38;5;36
2160;1;38;6;39
2161;1;38;7;41
2162;1;38;8;44
2163;1;38;9;47
2164;1;38;10;49
2165;1;38;11;52
2166;1;38;12;55
2167;1;38;13;58
2168;1;38;14;60
2169;1;38;15;63
2170;1;38;16;66
2171;1;38;17;68
2172;1;38;18;71
2173;1;38;19;74
2174;1;38;20;76
2175;1;39;2;31
2176;1;39;3;34
2177;1;39;4;37
2178;1;39;5;39
2179;1;39;6;42
2180;1;39;7;45
2181;1;39;8;48
2182;1;39;9;51
2183;1;39;10;53
2184;1;39;11;56
2185;1;39;12;59
2186;1;39;13;62
2187;1;39;14;64
2188;1;39;15;67
2189;1;39;16;70
2190;1;39;17;73
2191;1;39;18;76
2192;1;39;19;78
2193;1;40;0;37
2194;1;40;1;40
2195;1;40;2;43
2196;1;40;3;46
2197;1;40;4;49
2198;1;40;5;52
2199;1;40;6;55
2200;1;40;7;58
2201;1;40;8;61
2202;1;40;9;64
2203;1;40;10;67
2204;1;40;11;70
2205;1;40;12;73
2206;1;40;13;76
2207;1;40;14;79
2208;1;40;15;82
2209;1;40;16;85
2210;1;41;0;33
2211;1;41;1;35
2212;1;41;2;37
2213;1;41;3;40
2214;1;41;4;42
2215;1;41;5;44
2216;1;41;6;47
2217;1;41;7;49
2218;1;41;8;51
2219;1;41;9;54
2220;1;41;10;56
2221;1;41;11;58
2222;1;41;12;61
2223;1;41;13;63
2224;1;41;14;65
2225;1;41;15;68
2226;1;41;16;70
2227;1;41;17;72
2228;1;41;18;75
2229;1;41;19;77
2230;1;41;20;79
2231;1;41;21;82
2232;1;42;0;36
2233;1;42;1;38
2234;1;42;2;41
2235;1;42;3;43
2236;1;42;4;46
2237;1;42;5;48
2238;1;42;6;51
2239;1;42;7;54
2240;1;42;8;56
2241;1;42;9;59
2242;1;42;10;61
2243;1;42;11;64
2244;1;42;12;66
2245;1;42;13;69
2246;1;42;14;72
2247;1;42;15;74
2248;1;42;16;77
2249;1;42;17;79
2250;1;42;18;82
2251;1;42;19;84
2252;1;42;20;87
2253;1;43;0;36
2254;1;43;1;38
2255;1;43;2;40
2256;1;43;3;42
2257;1;43;4;44
2258;1;43;5;47
2259;1;43;6;49
2260;1;43;7;51
2261;1;43;8;53
2262;1;43;9;55
2263;1;43;10;57
2264;1;43;11;59
2265;1;43;12;61
2266;1;43;13;64
2267;1;43;14;66
2268;1;43;15;68
2269;1;43;16;70
2270;1;43;17;72
2271;1;43;18;74
2272;1;43;19;76
2273;1;43;20;79
2274;1;43;21;81
2275;1;43;22;83
2276;1;43;23;85
2277;1;44;0;37
2278;1;44;1;40
2279;1;44;2;43
2280;1;44;3;46
2281;1;44;4;49
2282;1;44;5;52
2283;1;44;6;55
2284;1;44;7;58
2285;1;44;8;62
2286;1;44;9;65
2287;1;44;10;68
2288;1;44;11;71
2289;1;44;12;74
2290;1;44;13;77
2291;1;44;14;80
2292;1;44;15;83
2293;1;44;16;87
2294;1;44;17;90
2295;1;44;18;93
2296;2;30;0;33
2297;2;30;1;35
2298;2;30;2;38
2299;2;30;3;40
2300;2;30;4;43
2301;2;30;5;45
2302;2;30;6;47
2303;2;30;7;50
2304;2;30;8;52
2305;2;30;9;55
2306;2;30;10;57
2307;2;30;11;59
2308;2;30;12;62
2309;2;30;13;64
2310;2;30;14;66
2311;2;30;15;69
2312;2;30;16;71
2313;2;30;17;74
2314;2;30;18;76
2315;2;30;19;78
2316;2;30;20;81
2317;2;30;21;83
2318;2;31;0;31
2319;2;31;1;34
2320;2;31;2;36
2321;2;31;3;39
2322;2;31;4;41
2323;2;31;5;44
2324;2;31;6;46
2325;2;31;7;49
2326;2;31;8;51
2327;2;31;9;54
2328;2;31;10;56
2329;2;31;11;59
2330;2;31;12;61
2331;2;31;13;64
2332;2;31;14;66
2333;2;31;15;69
2334;2;31;16;71
2335;2;31;17;74
2336;2;31;18;76
2337;2;31;19;79
2338;2;31;20;81
2339;2;31;21;84
2340;2;32;0;32
2341;2;32;1;36
2342;2;32;2;39
2343;2;32;3;42
2344;2;32;4;46
2345;2;32;5;49
2346;2;32;6;53
2347;2;32;7;56
2348;2;32;8;60
2349;2;32;9;63
2350;2;32;10;67
2351;2;32;11;70
2352;2;32;12;73
2353;2;32;13;77
2354;2;32;14;80
2355;2;32;15;84
2356;2;33;0;35
2357;2;33;1;37
2358;2;33;2;39
2359;2;33;3;42
2360;2;33;4;44
2361;2;33;5;46
2362;2;33;6;48
2363;2;33;7;50
2364;2;33;8;53
2365;2;33;9;55
2366;2;33;10;57
2367;2;33;11;59
2368;2;33;12;62
2369;2;33;13;64
2370;2;33;14;66
2371;2;33;15;68
2372;2;33;16;70
2373;2;33;17;73
2374;2;33;18;75
2375;2;33;19;77
2376;2;33;20;79
2377;2;33;21;82
2378;2;33;22;84
2379;2;33;23;86
2380;2;33;24;88
2381;2;33;25;90
2382;2;33;26;93
2383;2;34;0;33
2384;2;34;1;36
2385;2;34;2;38
2386;2;34;3;41
2387;2;34;4;43
2388;2;34;5;46
2389;2;34;6;48
2390;2;34;7;51
2391;2;34;8;54
2392;2;34;9;56
2393;2;34;10;59
2394;2;34;11;61
2395;2;34;12;64
2396;2;34;13;66
2397;2;34;14;69
2398;2;34;15;72
2399;2;34;16;74
2400;2;34;17;77
2401;2;34;18;79
2402;2;34;19;82
2403;2;34;20;84
2404;2;34;21;87
2405;2;34;22;89
2406;2;34;23;92
2407;2;34;24;95
2408;2;34;25;97
2409;2;34;26;100
2410;2;35;0;40
2411;2;35;1;44
2412;2;35;2;48
2413;2;35;3;53
2414;2;35;4;57
2415;2;35;5;61
2416;2;35;6;66
2417;2;35;7;70
2418;2;35;8;74
2419;2;35;9;79
2420;2;35;10;83
2421;2;35;11;87
2422;2;35;12;92
2423;2;35;13;96
2424;2;35;14;100
2425;2;35;15;105
2426;2;36;0;31
2427;2;36;1;34
2428;2;36;2;38
2429;2;36;3;41
2430;2;36;4;45
2431;2;36;5;48
2432;2;36;6;52
2433;2;36;7;55
2434;2;36;8;59
2435;2;36;9;62
2436;2;36;10;66
2437;2;36;11;69
2438;2;36;12;72
2439;2;36;13;76
2440;2;36;14;79
2441;2;36;15;83
2442;2;37;0;74
2443;2;37;1;72
2444;2;37;2;70
2445;2;37;3;68
2446;2;37;4;65
2447;2;37;5;63
2448;2;37;6;61
2449;2;37;7;58
2450;2;37;8;56
2451;2;37;9;54
2452;2;37;10;52
2453;2;37;11;49
2454;2;37;12;47
2455;2;37;13;45
2456;2;37;14;43
2457;2;37;15;40
2458;2;37;16;38
2459;2;37;17;36
2460;2;37;18;33
2461;2;37;19;31
2462;2;38;3;32
2463;2;38;4;35
2464;2;38;5;38
2465;2;38;6;42
2466;2;38;7;45
2467;2;38;8;48
2468;2;38;9;51
2469;2;38;10;55
2470;2;38;11;58
2471;2;38;12;61
2472;2;38;13;64
2473;2;38;14;67
2474;2;38;15;71
2475;2;38;16;74
2476;2;38;17;77
2477;2;38;18;80
2478;2;39;3;31
2479;2;39;4;34
2480;2;39;5;37
2481;2;39;6;40
2482;2;39;7;43
2483;2;39;8;47
2484;2;39;9;50
2485;2;39;10;53
2486;2;39;11;56
2487;2;39;12;59
2488;2;39;13;62
2489;2;39;14;65
2490;2;39;15;68
2491;2;39;16;72
2492;2;39;17;75
2493;2;39;18;78
2494;2;39;19;81
2495;2;40;0;37
2496;2;40;1;40
2497;2;40;2;42
2498;2;40;3;45
2499;2;40;4;48
2500;2;40;5;51
2501;2;40;6;53
2502;2;40;7;56
2503;2;40;8;59
2504;2;40;9;61
2505;2;40;10;64
2506;2;40;11;67
2507;2;40;12;69
2508;2;40;13;72
2509;2;40;14;75
2510;2;40;15;78
2511;2;40;16;80
2512;2;40;17;83
2513;2;40;18;86
2514;2;40;19;88
2515;2;40;20;91
2516;2;40;21;94
2517;2;40;22;96
2518;2;41;0;32
2519;2;41;1;35
2520;2;41;2;37
2521;2;41;3;40
2522;2;41;4;42
2523;2;41;5;44
2524;2;41;6;47
2525;2;41;7;49
2526;2;41;8;52
2527;2;41;9;54
2528;2;41;10;57
2529;2;41;11;59
2530;2;41;12;61
2531;2;41;13;64
2532;2;41;14;66
2533;2;41;15;69
2534;2;41;16;71
2535;2;41;17;74
2536;2;41;18;76
2537;2;41;19;79
2538;2;41;20;81
2539;2;41;21;83
2540;2;41;22;86
2541;2;42;0;35
2542;2;42;1;37
2543;2;42;2;40
2544;2;42;3;42
2545;2;42;4;45
2546;2;42;5;47
2547;2;42;6;50
2548;2;42;7;52
2549;2;42;8;55
2550;2;42;9;57
2551;2;42;10;60
2552;2;42;11;62
2553;2;42;12;65
2554;2;42;13;67
2555;2;42;14;70
2556;2;42;15;72
2557;2;42;16;75
2558;2;42;17;77
2559;2;42;18;80
2560;2;42;19;82
2561;2;42;20;85
2562;2;42;21;87
2563;2;43;0;34
2564;2;43;1;36
2565;2;43;2;38
2566;2;43;3;40
2567;2;43;4;42
2568;2;43;5;44
2569;2;43;6;46
2570;2;43;7;48
2571;2;43;8;50
2572;2;43;9;52
2573;2;43;10;54
2574;2;43;11;57
2575;2;43;12;59
2576;2;43;13;61
2577;2;43;14;63
2578;2;43;15;65
2579;2;43;16;67
2580;2;43;17;69
2581;2;43;18;71
2582;2;43;19;73
2583;2;43;20;75
2584;2;43;21;77
2585;2;43;22;79
2586;2;43;23;81
2587;2;43;24;83
2588;2;43;25;85
2589;2;43;26;87
2590;2;43;27;89
2591;2;43;28;91
2592;2;43;29;93
2593;2;44;0;36
2594;2;44;1;39
2595;2;44;2;42
2596;2;44;3;45
2597;2;44;4;48
2598;2;44;5;51
2599;2;44;6;54
2600;2;44;7;57
2601;2;44;8;60
2602;2;44;9;63
2603;2;44;10;66
2604;2;44;11;69
2605;2;44;12;72
2606;2;44;13;75
2607;2;44;14;78
2608;2;44;15;81
2609;2;44;16;84
2610;2;44;17;86
2611;2;44;18;89
